dim1,dim2,Cluster,clustered,topic_labels,topic_words,Language,topic_nr,top_word,trans,top_words_trans
0.5588789,-2.4155104,1,True,cs_0,"['na', 'imigraci', 'cr', 'se', 'rusko', 'imigrace', 'imigranti', 'podporovat', 'za', 'maji', 'spd', 'referendum', 'zeman', 'imigrantu', 'člověk', 'usa', 'pan', 'cela', 'postoj', 'nato']",cs,0,imigrantu,Immigrant,imigrantu(Immigrant)
0.5785241,5.7521095,4,True,cs_1,"['být', 'ten', 'se', 'migranti', 'ja', 'ted', 'kdyby', 'tenhle', 'treba', 'neco', 'on', 'stejne', 'cela', 'no', 'nikdo', 'člověk', 'vubec', 'mame', 'sám', 'pravda']",cs,1,pravda,The Truth,pravda(The Truth)
2.553824,0.004298896,1,True,cs_2,"['migrace', 'summit', 'parlament', 'rada', 'jednani', 'v4', 'situace', 'systemu', 'system', 'euco', 'azyloveho', 'vic', 'brusel', 'reforma', 'jednat', 'debata', 'brexit', 'ministri', 'reseni', 'ep']",cs,2,ministri,Ministers,ministri(Ministers)
0.8211656,-0.79985774,1,True,cs_3,"['migrantu', 'rok', 'milión', 'imigranty', 'evropa', 'člověk', 'tisic', 'pocet', 'imigrantu', 'frontex', 'italie', 'vloni', 'nasili', 'tisice', 'kazdy', 'nelegalon', 'nemecka', 'stigmabasa', 'francie', 'obyvatel']",cs,3,nelegalon,nelegalon,nelegalon(nelegalon)
-2.4230447,1.1798424,-1,False,cs_4,"['migranty', 'migraci', 'migranti', 'evropa', 'pomoc', 'euro', 'nelegalni', 'uprchlikum', 'migrantum', 'turecký', 'afrika', 'miliarda', 'jít', 'zastavit', 'penize', 'omezit', 'vic', 'cesta', 'penez', 'staty']",cs,4,migrantum,migrantum,migrantum(migrantum)
7.045365,-0.07507421,0,True,cs_5,"['uprchnout', 'migranty', 'eurozpravycz', 'libye', 'refugees', 'prijimat', 'frontex', 'neziskovka', 'evrope', 'organizace', 'afrika', 'lode', 'deti', 'zadne', 'mori', 'tvrdi', 'nemecko', 'hranice', 'pro', 'syrii']",cs,5,organizace,organizations,organizace(organizations)
1.372556,-1.1263179,1,True,cs_6,"['evropska', 'komise', 'kvoty', 'unie', 'cesko', 'kvuli', 'migrantu', 'kvot', 'cr', 'staty', 'evropske', 'prerozdelovani', 'brusel', 'prijimani', 'plan', 'zeme', 'rozhodnout', 'uprchlicke', 'ceska', 'prijmout']",cs,6,uprchlicke,refugee,uprchlicke(refugee)
7.27407,0.2811967,0,True,cs_7,"['uprchnout', 'azyl', 'země', 'zeme', 'se', 'moci', 'dostat', 'být', 'maji', 'musi', 'mimo', 'uzemi', 'statu', 'pravo', 'chteji', 'rakousko', 'zadatelu', 'nemecko', 'rozhodnout', 'do']",cs,7,uprchnout,flee,uprchnout(flee)
3.3637714,-1.284687,1,True,cs_8,"['krize', 'hranice', 'migracni', 'politika', 'reseni', 'politik', 'na', 'problem', 'ochrana', 'resit', 'imigracni', 'uprchlicke', 'musi', 'azylove', 'uprchlickou', 'vlna', 'statu', 'hlavne', 'uprchlicka', 'evropske']",cs,8,uprchlicka,refugee,uprchlicka(refugee)
-2.414156,0.9514674,-1,False,cs_9,"['migraci', 'babis', 'dohoda', 'turecko', 'summit', 'premier', 'tureckem', 'merkelova', 'ministr', 'orban', 'prezident', 'konec', 'migrant', 'uprchlicich', 'migranty', 'rekl', 'sobotka', 'vlada', 'prostrednictvim', 'migration']",cs,9,uprchlicich,refugee,uprchlicich(refugee)
-2.3586073,2.6957407,5,True,da_0,"['asyl', 'dkaid', 'stjberg', 'gang', 'avis', 'df', 'betale', 'korte', 'bla', 'fv15', 'tak', 'sge', 'flygtningelejr', 'kr', 'inger', 'mio', 'social', 'unge', 'forhold', 'mia']",da,0,forhold,relationship,forhold(relationship)
0.59318334,6.0974417,4,True,da_1,"['pa', 'sa', 'fa', 'bruge', 'hav', 'problem', 'dkmedier', 'ma', 'df', 'nok', 'ogsa', 'vej', 'flygtningedebat', 'tid', 'vigtig', 'star', 'maske', 'penge', 'lsning', 'fremme']",da,1,dkmedier,dkmedia,dkmedier(dkmedia)
1.4676968,-1.2284364,1,True,da_2,"['være', 'at', 'det', 'sa', 'ikke', 'en', 'vi', 'der', 'og', 'vre', 'for', 'land', 'jeg', 'gre', 'folk', 'narre', 'med', 'tro', 'hav', 'dk']",da,2,folk,people,folk(people)
6.9098186,-0.06166102,0,True,da_3,"['flygtning', 'dansk', 'indvandrer', 'pa', 'danmark', 'dansker', 'arbejde', 'hjre', 'kommune', 'bolig', 'integration', 'dag', 'job', 'regering', 'give', 'dkmedier', 'dk', 'bo', 'ikkevestlige', 'ftlive']",da,3,integration,integration,integration(integration)
5.8120146,-0.2606895,0,True,da_4,"['flygtning', 'europa', 'migranter', 'eu', 'tyrkiet', 'sende', 'til', 'land', 'syrisk', 'syrien', 'lukke', 'holde', 'hjem', 'stoppe', 'grnser', 'grkenland', 'illegal', 'tyskland', 'million', 'tilbage']",da,4,tyskland,germany,tyskland(germany)
3.3833559,-1.4273021,1,True,da_5,"['eu', 'migration', 'eudk', 'eus', 'dag', 'news', 'eupol', 'om', 'flygtningekrisen', 'via', 'flles', 'asylpolitik', 'lkke', 'aftale', 'flygtningekrise', 'migrant', 'mellem', 'merkel', 'klima', 'fordeling']",da,5,flygtningekrise,refugee crisis,flygtningekrise(refugee crisis)
-2.6790898,1.8555974,5,True,da_6,"['den', 'vre', 'for', 'narre', 'give', 'ogsa', 'igen', 'have', 'sammen', 'du', 'man', 'parti', 'politiker', 'uden', 'europa', 'asyl', 'br', 'lov', 'sted', 'ansvar']",da,6,ansvar,responsibility,ansvar(responsibility)
2.561427,0.129545,1,True,da_7,"['og', 'danmark', 'asylansgere', 'dk', 'land', 'eu', 'til', 'brn', 'regering', 'afvise', 'stoppe', 'imod', 'verden', 'med', 'hjlp', 'fn', 'hjlpe', 'dkaid', 'krig', 'penge']",da,7,regering,government,regering(government)
-2.1189394,2.711568,5,True,da_8,"['dkmedier', 'sverige', 'svpol', 'politi', 'indvandre', 'norden', 'politisk', 'creativeeu', 'stat', 'nopol', 'nyhed', 'tal', 'endlosnung', 'strste', 'dr', 'kalde', 'fv19', 'mongomigrants', 'blandt', 'dkkrim']",da,8,endlosnung,endlessness,endlosnung(endlessness)
-2.5931895,2.4762354,5,True,da_9,"['indvandring', 'af', 'arre', 'en', 'danmark', 'muslimsk', 'antal', 'fa', 'vise', 'stemme', 'ogsa', 'sidste', 'befolkning', 'medie', 'skabe', 'kvinde', 'konsekvens', 'muslim', 'islam', 'siden']",da,9,konsekvens,consequence,konsekvens(consequence)
0.93459314,-2.0737545,1,True,de_0,"['danken', 'auerhalb', 'nennen', 'verantwortlich', 'voll', 'verantwortung', 'angst', 'afrikaner', 'erfolgen', 'weg', 'mu', 'ursache', 'stecken', 'aktiv', 'verbrechen', 'papier', 'strafen', 'asylzentren', 'saugen', 'menschlichkeit']",de,0,verantwortung,responsibility,verantwortung(responsibility)
0.38194206,5.374605,4,True,de_1,"['eu', 'fluchtlinge', 'migrant', 'mittelmeer', 'fluchen', 'europa', 'mensch', 'frontex', 'italien', 'libyen', 'retten', 'legal', 'illegal', 'schlepper', 'gefluchtete', 'seenotrettung', 'tot', 'bringen', 'sterben', 'sicher']",de,1,gefluchtete,cursed,gefluchtete(cursed)
0.8714038,6.637769,4,True,de_2,"['fur', 'eu', 'fluchtlingen', 'fluchtlinge', 'verteilung', 'eustaaten', 'europaische', 'losung', 'via', 'union', 'von', 'aufnahme', 'hilfe', 'solidaritat', 'fordern', 'eulander', 'neu', 'quote', 'italien', 'migrant']",de,2,solidaritat,solidarity,solidaritat(solidarity)
-0.084771015,5.714621,4,True,de_3,"['eu', 'deutschland', 'illegal', 'sehen', 'problem', 'einwanderung', 'deutsch', 'europa', 'bleiben', 'stark', 'via', 'einwanderer', 'meist', 'mehr', 'einreisen', 'kind', 'prozent', 'falsch', 'eulandern', 'politiker']",de,3,einwanderer,immigrants,einwanderer(immigrants)
0.5286301,-2.0973523,1,True,de_4,"['zuwanderung', 'schweiz', 'asylbewerber', 'usa', 'brexit', 'euland', 'national', 'asylverfahren', 'einwanderung', 'verteilen', 'deutlich', 'sozialleistungen', 'abschiebung', 'steigen', 'schweizer', 'brite', 'fluchtlingszahlen', 'zuwanderer', 'regeln', 'global']",de,4,sozialleistungen,social benefits,sozialleistungen(social benefits)
0.69956994,-2.322702,1,True,de_5,"['de', 'gemeinsam', 'tusk', 'juncker', 'planen', 'streiten', 'zuwanderer', 'fluchtlingsverteilung', 'treffen', 'euinnenminister', 'euauengrenzen', 'tagesschaude', 'einigung', 'iv', 'gipfeln', 'beraten', 'hartz', 'vorschlagen', 'fluchtlingsaufnahme', 'fluchtlingsgipfel']",de,5,fluchtlingsaufnahme,refugee admission,fluchtlingsaufnahme(refugee admission)
0.79536957,-2.2345686,1,True,de_6,"['kommentar', 'klimawandel', 'tops', 'zeitung', 'grenzoffnung', 'polizei', 'fachkrafte', 'geplante', 'eupolitiker', 'allgemein', 'uhr', 'frankfurter', 'umvolkung', 'wohlstand', 'echt', 'gmbh', 'teuer', 'tur', 'gruppe', 'kirche']",de,6,frankfurter,frankfurt,frankfurter(frankfurt)
0.78441685,-2.172654,1,True,de_7,"['refugee', 'is', 'europe', 'refugeeswelcome', 'terrorist', 'the', 'of', 'putin', 'finanziert', 'migrants', 'to', 'migrationeu', 'for', 'europol', 'euco', 'ziehen', 'loben', 'kritisch', 'schauble', 'schwach']",de,7,migrationeu,migrationeu,migrationeu(migrationeu)
-0.022936141,5.596915,4,True,de_8,"['eu', 'fluchtlingskrise', 'uber', 'eugipfel', 'fluchtlinge', 'fluchtlingspolitik', 'thema', 'europa', 'via', 'zeit', 'neu', 'online', 'migration', 'aktuell', 'spiegeln', 'politik', 'fluchtlingsfrage', 'focus', 'suchen', 'brexit']",de,8,fluchtlingsfrage,refugee issue,fluchtlingsfrage(refugee issue)
6.5074315,0.12507164,0,True,de_9,"['der', 'eu', 'und', 'fur', 'stehen', 'regierung', 'migrationspakt', 'partei', 'un', 'sozial', 'zielen', 'mitgliedsstaat', 'uno', 'von', 'mit', 'wahl', 'tod', 'deutsch', 'europaischen', 'letzter']",de,9,europaischen,european,europaischen(european)
6.1037645,0.097696185,0,True,de_10,"['der', 'sein', 'nicht', 'und', 'werden', 'haben', 'geben', 'sie', 'es', 'ich', 'ein', 'innerhalb', 'ware', 'ihr', 'klar', 'eigentlich', 'genau', 'zu', 'sagen', 'dies']",de,10,innerhalb,within,innerhalb(within)
-3.3725145,0.5908962,6,True,de_11,"['turkei', 'griechenland', 'erdogan', 'syrien', 'syrisch', 'mit', 'halt', 'setzen', 'dealen', 'fluchtlingsdeal', 'fluchtlingspakt', 'lassen', 'fluchtlingsabkommen', 'unterstutzen', 'trotz', 'fluchtlingswelle', 'abkommen', 'syrer', 'griechisch', 'fluchtlingslager']",de,11,fluchtlingslager,refugee camp,fluchtlingslager(refugee camp)
0.4454483,5.5909758,4,True,de_12,"['eu', 'europa', 'fluchtlinge', 'via', 'grenzen', 'asyl', 'neu', 'migrant', 'stoppen', 'fluechtlinge', 'enden', 'migration', 'deutschland', 'balkanroute', 'spanien', 'politik', 'fluchtlingspolitik', 'uber', 'festungeuropa', 'werten']",de,12,festungeuropa,detentioneurope,festungeuropa(detentioneurope)
0.6079688,-2.089425,1,True,de_13,"['fordern', 'news', 'eukommission', 'drohen', 'nachricht', 'welt', 'warnen', 'kritisiert', 'kritik', 'schulz', 'germany', 'dpa', 'schlagen', 'info', 'eukommissar', 'hoffen', 'times', 'erwartet', 'wien', 'eur']",de,13,eukommissar,eucommissioner,eukommissar(eucommissioner)
0.5855318,-2.4386108,1,True,de_14,"['migration', 'afrika', 'lassen', 'sagen', 'staat', 'kriegen', 'fluchtursache', 'auf', 'wichtig', 'fahren', 'europawahl', 'bundesregierung', 'fluchten', 'afrikanisch', 'italien', 'raus', 'lieb', 'salvini', 'brauchen', 'nato']",de,14,fluchtursache,cause of flight,fluchtursache(cause of flight)
1.796335,-0.13948624,1,True,de_15,"['mussen', 'fluchtlinge', 'landen', 'migrant', 'asyl', 'wir', 'konnen', 'lander', 'brauchen', 'zu', 'burger', 'schutz', 'staat', 'grenzen', 'durfen', 'kein', 'jed', 'fluchtling', 'bitten', 'folgen']",de,15,fluchtling,refugee,fluchtling(refugee)
3.2677348,-1.3320512,1,True,de_16,"['merkel', 'deutschland', 'afd', 'fluchtlingspolitik', 'seehofer', 'cdu', 'csu', 'berlin', 'asylpolitik', 'spd', 'politik', 'deutsch', 'frau', 'migrationspolitik', 'frankreich', 'asylstreit', 'islam', 'migration', 'kanzlerin', 'terror']",de,16,migrationspolitik,migration policy,migrationspolitik(migration policy)
0.47099698,-2.2881095,1,True,de_17,"['ungar', 'uber', 'brussel', 'eufluchtlingspolitik', 'orban', 'eugh', 'asyl', 'osterreich', 'scheitern', 'polen', 'eustaaten', 'asylantrag', 'europaischen', 'asylrecht', 'zuruck', 'stimmen', 'abschieben', 'slowakei', 'parlament', 'euparlament']",de,17,europaischen,european,europaischen(european)
0.9038179,6.3241863,4,True,de_18,"['fur', 'eu', 'fluchtlinge', 'aufnehmen', 'euro', 'millionen', 'zahlen', 'geld', 'migrant', 'deutschland', 'nehmen', 'jahr', 'mio', 'milliarde', 'geben', 'bekommen', 'kosten', 'pro', 'dafur', 'via']",de,18,milliarde,billion,milliarde(billion)
6.522247,0.12688816,0,True,de_19,"['der', 'in', 'eu', 'ein', 'jahr', 'fur', 'fragen', 'stellen', 'zeigen', 'und', 'geben', 'liegen', 'mensch', 'im', 'leben', 'gefluchtet', 'sache', 'bleiben', 'letzt', 'stehen']",de,19,bleiben,stay,bleiben(stay)
6.6714234,0.6757363,0,True,es_0,"['el', 'de', 'politica', 'refugiado', 'migratorio', 'politicas', 'dentrar', 'comun', 'inmigrante', 'materia', 'inmigracion', 'responsabilidad', 'crisis', 'publicar', 'sobre', 'seguir', 'compartir', 'actitud', 'dirigente', 'unica']",es,0,inmigracion,mmigration,inmigracion(mmigration)
6.474232,0.05947749,0,True,es_1,"['el', 'de', 'refugiado', 'inmigrante', 'para', 'seguir', 'pueblo', 'mayoria', 'espana', 'via', 'recordar', 'organizar', 'paises', 'ciudad', 'apoyar', 'ciudadano', 'leer', 'deberian', 'juventud', 'vergonzoso']",es,1,ciudadano,citizen,ciudadano(citizen)
6.6020265,0.28756663,0,True,es_2,"['el', 'de', 'refugiado', 'paises', 'inmigrante', 'decision', 'poblacion', 'qferanews', 'espana', 'adoptar', 'seguir', 'pregunta', 'via', 'cierre', 'mundo', 'socio', 'incluir', 'declarar', 'grande', 'queda']",es,2,qferanews,qferanews,qferanews(qferanews)
-0.12210482,3.6180313,-1,False,es_3,"['frontera', 'abrir', 'uno', 'recibir', 'campo', 'amenaza', 'cerrar', 'puerta', 'italia', 'africano', 'legal', 'ley', 'trato', 'deberia', 'permitir', 'venezuela', 'paso', 'creer', 'traer', 'muro']",es,3,permitir,allow,permitir(allow)
0.21561207,3.9875634,3,True,es_4,"['tratado', 'tomar', 'libre', 'libertad', 'schengen', 'colombia', 'derecha', 'arma', 'premio', 'republicar', 'belgica', 'decisión', 'extremar', 'circulacion', 'uk', 'congreso', 'realidad', 'discurso', 'anti', 'racista']",es,4,republicar,republish,republicar(republish)
3.2383733,-1.3443356,1,True,es_5,"['inmigracion', 'ilegal', 'medida', 'espana', 'problema', 'rajoy', 'frenar', 'pedir', 'africa', 'brexit', 'politica', 'masivo', 'flujo', 'plan', 'controlar', 'irregular', 'limitar', 'economia', 'cameron', 'presidente']",es,5,presidente,president,presidente(president)
0.9939244,-0.91283274,1,True,es_6,"['refugiado', 'turquia', 'grecia', 'ueturquia', 'sirio', 'llegar', 'pacto', 'acordar', 'expulsar', 'deportar', 'erdogan', 'devolver', 'turco', 'cambio', 'firmar', 'infh', 'domingo', 'concentracion', 'criticar', 'expulsion']",es,6,expulsion,expulsion,expulsion(expulsion)
6.019537,-0.5084035,0,True,es_7,"['el', 'refugiado', 'via', 'onu', 'inmigrante', 'de', 'denuncia', 'situacion', 'drama', 'actuar', 'crisis', 'humanitario', 'volver', 'continuar', 'pedir', 'seguir', 'falta', 'tragedia', 'perder', 'europa']",es,7,inmigrante,immigrant,inmigrante(immigrant)
-0.16028126,3.6224985,-1,False,es_8,"['crisis', 'italia', 'merkel', 'cumbre', 'alemania', 'respuesta', 'liderar', 'brusela', 'criticar', 'solucion', 'consejo', 'francia', 'frente', 'exigir', 'ministro', 'comun', 'urgente', 'tratar', 'abordar', 'austria']",es,8,ministro,minister,ministro(minister)
6.426449,0.70694023,0,True,es_9,"['el', 'en', 'de', 'inmigrante', 'espana', 'ano', 'sanchez', 'entrada', 'entrar', 'pedro', 'uno', 'territorio', 'convertir', 'persona', 'centro', 'diferencia', 'europa', 'paises', 'acogera', 'emigrante']",es,9,emigrante,emigrant,emigrante(emigrant)
-0.0025504257,3.7377903,-1,False,es_10,"['migracion', 'derecho', 'unir', 'venezolano', 'internacional', 'reino', 'venezuela', 'unioneuropea', 'hablar', 'mundo', 'humano', 'tema', 'solucionar', 'social', 'necesitar', 'debate', 'eeuu', 'otar', 'respetar', 'seguridad']",es,10,unioneuropea,european union,unioneuropea(european union)
0.14245862,3.9104667,3,True,es_11,"['apoyo', 'efe', 'grupo', 'informe', 'cooperacion', 'terrorista', 'mano', 'plazo', 'oficina', 'alto', 'atentado', 'barcelona', 'global', 'easo', 'investigar', 'informacion', 'refugees', 'croacia', 'resultado', 'followback']",es,11,followback,followback,followback(followback)
0.19563848,3.8816488,-1,False,es_12,"['europa', 'persona', 'verguenza', 'guerra', 'sirio', 'ninos', 'dejar', 'morir', 'mil', 'dinero', 'huir', 'vida', 'seguro', 'ddhh', 'mujer', 'uemata', 'apoyar', 'esperar', 'muerto', 'musulmán']",es,12,musulmán,Muslim,musulmán(Muslim)
-0.028934162,3.568994,-1,False,es_13,"['asilo', 'cuota', 'aceptar', 'hungria', 'recibir', 'rechazar', 'ano', 'miembro', 'sistema', 'acoger', 'solicitud', 'reubicar', 'solicitante', 'reparto', 'alemania', 'cifra', 'politico', 'aumentar', 'negar', 'mesar']",es,13,solicitud,request,solicitud(request)
0.0017045867,3.8994942,-1,False,es_14,"['pedir', 'ayuda', 'fondo', 'frontex', 'ministro', 'barco', 'interior', 'bandera', 'centro', 'ong', 'atender', 'marrueco', 'irregular', 'ofrecer', 've', 'anunciar', 'balcanes', 'denunciar', 'melilla', 'ceuta']",es,14,balcanes,balkans,balcanes(balkans)
0.112698205,3.8224318,-1,False,es_15,"['millón', 'llegar', 'migrante', 'mediterraneo', 'libio', 'euro', 'ayudar', 'llegada', 'traficar', 'mafia', 'muerte', 'acnur', 'cuba', 'mar', 'evitar', 'operacion', 'video', 'ultimar', 'rescatar', 'militar']",es,15,operacion,operation,operacion(operation)
6.7633967,-0.19089863,0,True,es_16,"['el', 'de', 'gobierno', 'inmigrante', 'refugiado', 'presidente', 'del', 'defender', 'espanol', 'griego', 'partido', 'sociedad', 'con', 'futuro', 'inmigracion', 'espanoles', 'civil', 'pretender', 'orban', 'italiano']",es,16,presidente,president,presidente(president)
0.80027574,6.513702,4,True,es_17,"['europeo', 'union', 'comision', 'parlamento', 'plan', 'aprobar', 'proponer', 'presentar', 'reparto', 'paises', 'suizo', 'mundo', 'ce', 'norma', 'brusela', 'propuesta', 'miembro', 'respaldar', 'plantear', 'llama']",es,17,respaldar,support,respaldar(support)
1.0300694,-0.97499216,1,True,es_18,"['refugiado', 'acoger', 'noticia', 'mil', 'reparto', 'internacional', 'pedir', 'acogida', 'compromiso', 'cumplir', 'plan', 'reubicar', 'instar', 'repartir', 'solidaridad', 'acogido', 'actualidad', 'news', 'solidario', 'siguemeytesigo']",es,18,internacional,international,internacional(international)
-1.5331732,3.3158314,-1,False,es_19,"['que', 'él', 'querer', 'no', 'ser', 'uno', 'con', 'por', 'para', 'haber', 'crear', 'estar', 'su', 'votar', 'venir', 'parecer', 'gente', 'mas', 'deber', 'pensar']",es,19,pensar,think,pensar(think)
1.7298415,-1.4006827,1,True,hu_0,"['migracios', 'politika', 'unios', 'menekultvalsag', 'eutorok', 'valsag', 'megallapodas', 'megold', 'kezel', 'elso', 'rend', 'csucs', 'ember', 'eucsucs', 'tanacs', 'menekultugyi', 'eutorokorszag', 'nyomas', 'fo', 'ota']",hu,0,eutorokorszag,eutorokorszag,eutorokorszag(eutorokorszag)
1.2552758,6.543786,4,True,hu_1,"['az', 'es', 'migrans', 'migransok', 'euban', 'eubol', 'mar', 'akar', 'magyar', 'eut', 'van', 'nem', 'eun', 'eus', 'igy', 'tovabb', 'megy', 'jog', 'szabad', 'is']",hu,1,migrans,migrants,migrans(migrants)
2.2696779,-0.00028891265,1,True,hu_2,"['migracio', 'bevandorlas', 'illegalis', 'soros', 'magyarorszag', 'fidesz', 'szijjarto', 'magyarhirlap', 'echo', 'eus', 'video', 'eucsucson', 'brusszel', 'bakondi', 'tv', 'mond', 'kulugyminiszter', 'peter', 'kvota', 'gyorgy']",hu,2,magyarhirlap,hungarynewspaper,magyarhirlap(hungarynewspaper)
1.502212,-0.61912227,1,True,hu_3,"['euba', 'tobb', 'bevandorlok', 'migrans', 'frontex', 'hirek', 'merkel', 'europaba', 'migransok', 'illegalis', 'szama', 'menekultek', 'euban', 'menekult', 'menedekkerok', 'neme', 'erkezett', 'bevandorlo', 'olaszorszag', 'erkezo']",hu,3,olaszorszag,italianorszag,olaszorszag(italianorszag)
-1.985538,0.8788469,-1,False,hu_4,"['eu', 'es', 'migracio', 'migransok', 'magyar', 'europa', 'eunak', 'morvai', '888hu', 'gazda', 'kulso', 'altal', 'kozos', 'tamogatja', 'keszul', 'szerbia', 'ossze', 'hatar', 'vedel', 'tesz']",hu,4,migracio,migration,migracio(migration)
0.26288936,5.7585626,4,True,hu_5,"['europai', 'bizottsag', 'parlament', 'az', 'es', 'javaslat', 'bevandorlasparti', 'brusszel', 'magyarorszag', 'terv', 'ep', 'menekultugyi', 'uj', 'tobbsege', 'elnoke', 'neme', 'politikus', 'fordul', 'mond', 'hoz']",hu,5,menekultugyi,asylum seekers,menekultugyi(asylum seekers)
4.0094337,-1.1369709,1,True,hu_6,"['eu', 'torokorszag', 'menekultek', 'menekult', 'millio', 'befogad', 'menekultet', 'eus', 'fogad', 'ad', 'fizet', 'tobb', 'vesz', 'menekulteke', '888hu', 'altal', 'migransok', 'at', 'eurot', 'utan']",hu,6,menekultet,refugee,menekultet(refugee)
-3.176575,1.0366336,6,True,hu_7,"['es', 'menekultek', 'menekultugyi', 'unios', 'eplenaris', 'vita', 'bevandorlasi', 'tagallamok', 'ep', 'szolo', 'nemzet', 'birosag', 'helyzet', 'brit', 'epben', 'kozott', 'menekultugy', 'hete', 'bevandorlast', 'bevandorlasrol']",hu,7,bevandorlast,immigrant load,bevandorlast(immigrant load)
3.718016,-1.2510372,1,True,hu_8,"['eu', 'orban', 'viktor', 'magyarorszag', 'magyar', 'eucsucs', 'fog', 'kormany', 'kap', 'menekulteke', 'miniszter', 'eutol', 'tor', 'olasz', 'menekultugyben', 'elott', 'ujabb', 'migransok', 'kormanyfo', 'gorogorszag']",hu,8,magyarorszag,Hungary,magyarorszag(Hungary)
7.3466697,0.15663232,0,True,hu_9,"['az', 'eu', 'unio', 'migransok', 'akar', 'ensz', 'tud', 'hogy', 'altal', 'biztos', 'tovabbra', 'mond', 'tesz', 'vezet', 'ugy', 'vezetoi', 'magyarorszag', 'orszagok', 'dolog', 'bevandorlok']",hu,9,bevandorlok,immigrants,bevandorlok(immigrants)
0.55846155,6.403632,4,True,it_0,"['migrare', 'in', 'ue', 'il', 'italia', 'ong', 'libia', 'portare', 'arrivare', 'nave', 'andare', 'sbarcare', 'venire', 'persona', 'sicuro', 'spagna', 'mettere', 'bloccare', 'scafista', 'partire']",it,0,partire,leave,partire(leave)
-1.0580071,-0.5984647,2,True,it_1,"['orbare', 'ungheria', 'fermare', 'muro', 'paese', 'repubblica', 'grazia', 'interesse', 'merkel', 'referendum', 'storia', 'tedesco', 'rimanere', 'visegrad', 'polonia', 'razzista', 'parere', 'migrants', 'fossa', 'prova']",it,1,interesse,interest,interesse(interest)
0.11308061,5.473463,4,True,it_2,"['ue', 'immigrazione', 'litalia', 'piano', 'limmigrazione', 'servire', 'solidarieta', 'leuropa', 'rispondere', 'massa', 'clandestina', 'continuo', 'emergenza', 'responsabilita', 'parola', 'lue', 'su', 'juncker', 'chiedere', 'difeso']",it,2,limmigrazione,immigration,limmigrazione(immigration)
3.3112466,-1.3247213,1,True,it_3,"['europeo', 'parlamento', 'commissione', 'lunione', 'unione', 'al', 'votare', 'm5s', 'dellunione', 'lega', 'programma', 'soros', 'lavorare', 'governo', 'cittadino', 'settimana', 'posizione', 'leader', 'bruxelles', 'presentare']",it,3,presentare,submit,presentare(submit)
6.776745,-0.11698032,0,True,it_4,"['il', 'italiano', 'governo', 'migrare', 'immigrato', 'con', 'dovere', 'per', 'litalia', 'mettere', 'volere', 'stare', 'popolare', 'prendere', 'tutto', 'pd', 'limmigrazione', 'vero', 'tenere', 'porto']",it,4,immigrato,immigrant,immigrato(immigrant)
0.23150842,6.2505507,4,True,it_5,"['ue', 'migrare', 'europa', 'italia', 'immigrazione', 'via', 'quota', 'immigrato', 'nord', 'uso', 'eu', 'onu', 'unioneeuropea', 'sanzione', 'bruxelles', 'sud', 'economico', 'ansait', 'accordare', 'russia']",it,5,immigrazione,immigration,immigrazione(immigration)
-0.92231816,-0.61905664,2,True,it_6,"['renzi', 'cambiare', 'merkel', 'crisi', 'lasciare', 'colpa', 'gentiloni', 'sole', 'dellitalia', 'flessibilita', 'alla', 'rischiare', 'povero', 'mano', 'mld', 'patto', 'fregare', 'cazzo', 'allue', 'morire']",it,6,dellitalia,dellitalia,dellitalia(dellitalia)
-1.1220937,-0.62849325,2,True,it_7,"['vedere', 'corte', 'no', 'giustizia', 'nn', 'mattarella', 'condividere', 'nazionale', 'richiedere', 'umano', 'accusa', 'sovranita', 'rifugiare', 'passare', 'ragione', 'giocare', 'donna', 'immigrare', 'territorio', 'giornata']",it,7,territorio,territory,territorio(territory)
1.1269307,6.6348314,4,True,it_8,"['migrare', 'lue', 'via', 'news', 'porto', 'aprire', 'notizia', 'chiudere', 'aperto', 'sul', 'passo', 'rimpatrio', 'giornale', 'crisi', 'chiuso', 'berlino', 'papa', 'immigrato', 'conte', 'accogliere']",it,8,immigrato,immigrant,immigrato(immigrant)
6.0629396,-0.30172512,0,True,it_9,"['il', 'che', 'non', 'volere', 'avere', 'essere', 'dovere', 'potere', 'si', 'capire', 'sapere', 'andare', 'fare', 'dettare', 'pensare', 'stare', 'credere', 'litalia', 'ma', 'uno']",it,9,andare,go,andare(go)
-0.9643701,-0.30977845,2,True,it_10,"['asilo', 'diritto', 'richiedente', 'rifugiato', 'dublino', 'accoglienza', 'legge', 'rispettare', 'chiedere', 'proporre', 'quota', 'trattare', 'regola', 'riforma', 'membro', 'umanitario', 'numero', 'internazionale', 'sistemare', 'accordo']",it,10,accoglienza,welcome,accoglienza(welcome)
-1.0666324,-0.38652,2,True,it_11,"['salvini', 'conta', 'ministro', 'malta', 'sbarcare', 'salvare', 'redistribuzione', 'francia', 'macron', 'diciotti', 'italiana', 'decidere', 'caricare', 'discutere', 'accogliere', 'porto', 'riunione', 'interno', 'continuare', 'accordare']",it,11,continuare,continue,continuare(continue)
-0.94961196,-0.6192848,2,True,it_12,"['pd', 'della', 'sinistra', 'pro', 'piu', 'rendere', 'minniti', 'libero', 'politica', 'destra', 'pubblico', 'sociale', 'contare', 'anti', 'puro', 'partire', 'verita', 'elezione', 'paura', 'contro']",it,12,partire,leave,partire(leave)
-1.1131498,-0.4892573,2,True,it_13,"['problema', 'miliardo', 'soluzione', 'potere', 'guerra', 'trovare', 'da', 'gestire', 'questione', 'situazione', 'risolvere', 'business', 'bisognare', 'africo', 'politico', 'aiutare', 'chiedere', 'lemergenza', 'londra', 'creare']",it,13,bisognare,need,bisognare(need)
3.0423198,0.3990158,1,True,it_14,"['di', 'il', 'ue', 'migrare', 'del', 'parlare', 'uno', 'governo', 'immigrato', 'italiano', 'migliaio', 'stare', 'litalia', 'ce', 'della', 'ricordare', 'lavoro', 'al', 'questione', 'politico']",it,14,politico,political,politico(political)
-0.8776747,-0.108572036,2,True,it_15,"['profugo', 'rifugiato', 'turchia', 'grecia', 'germania', 'frontiera', 'erdogan', 'confine', 'accordare', 'laccordo', 'milione', 'campare', 'siriano', 'minaccia', 'controllare', 'ueturchia', 'siria', 'francia', 'entrare', 'schengen']",it,15,ueturchia,ueturkey,ueturchia(ueturkey)
-0.98641384,-0.2573614,2,True,it_16,"['per', 'dovere', 'soldo', 'fondo', 'dare', 'euro', 'prendere', 'milione', 'bastare', 'ce', 'accogliere', 'pagare', 'economico', 'allitalia', 'vero', 'casa', 'tassa', 'aumentare', 'girare', 'spesare']",it,16,aumentare,increase,aumentare(increase)
-1.2077899,-0.21396935,2,True,it_17,"['frontex', 'mare', 'arrivo', 'mediterraneo', 'sbarco', 'nave', 'via', 'alfano', 'mese', 'pronto', 'morte', 'triton', 'trafficante', 'missione', 'plus', 'news', 'umano', 'costa', 'dato', 'nostrum']",it,17,trafficante,trafficker,trafficante(trafficker)
0.18923533,5.8531737,4,True,it_18,"['ue', 'migrare', 'immigrato', 'volere', 'italia', 'stare', 'clandestino', 'governo', 'subire', 'aiutare', 'andare', 'chiedere', 'immigrazione', 'accettare', 'irregolare', 'uscire', 'guardare', 'arrivare', 'serio', 'francese']",it,18,clandestino,stowaway,clandestino(stowaway)
-0.9429713,-0.44270134,2,True,it_19,"['migrazione', 'politica', 'vertice', 'tema', 'sicurezza', 'presidente', 'flusso', 'brexit', 'gestione', 'dellue', 'centrare', 'sullimmigrazione', 'bruxelles', 'comune', 'lavoro', 'domani', 'estero', 'priorita', 'punto', 'sfida']",it,19,presidente,president,presidente(president)
-2.9603615,1.5148562,-1,False,nl_0,"['europees', 'unie', 'nieuws', 'commissie', 'nieuw', 'asielbeleid', 'parlement', 'nos', 'aanpak', 'steunen', 'migratiecrisis', 'plannen', 'vluchtelingenbeleid', 'nieuwstwitter', 'week', 'nunl', 'news', 'roepen', 'stellen', 'vraag']",nl,0,migratiecrisis,migration crisis,migratiecrisis(migration crisis)
-3.4893072,0.45504874,6,True,nl_1,"['merkel', 'rutte', 'brussel', 'hongarije', 'regering', 'juncker', 'pool', 'oostenrijk', 'orban', 'premier', 'crisis', 'duitsland', 'anp', 'waarschuwen', 'eumigranten', 'schengen', 'hongaars', 'referendum', 'italiaans', 'asielcrisis']",nl,1,referendum,referendum,referendum(referendum)
1.3572365,-0.92090935,1,True,nl_2,"['gaan', 'goed', 'immigrante', 'migrant', 'afrika', 'stoppen', 'halen', 'land', 'stop', 'economisch', 'geen', 'blijven', 'naar', 'timmermans', 'lang', 'migratiepact', 'terug', 'marrakesh', 'kans', 'afrikaanse']",nl,2,afrikaanse,african,afrikaanse(african)
-3.7351372,0.3722411,6,True,nl_3,"['brexit', 'moslim', 'leeg', 'to', 'migrants', 'dictatuur', 'politie', 'uk', 'verdwijnen', 'zonnen', 'plegen', 'eurovision', 'bewijzen', 'soort', 'strijden', 'verkopen', 'stil', 'idioot', 'brit', 'zwitserland']",nl,3,eurovision,eurovision,eurovision(eurovision)
0.31131414,6.181269,4,True,nl_4,"['asielzoeker', 'vluchtelinge', 'nederland', 'nieuws', 'eulanden', 'opnemen', 'vluchteling', 'weigeren', 'verdelen', 'duitsland', 'opvang', 'lidstaat', 'frankrijk', 'eulidstaten', 'verdeling', 'migrant', 'mvdnl', 'eerlijk', 'terrorist', 'extra']",nl,4,eulidstaten,eulid states,eulidstaten(eulid states)
-3.6693406,0.38729608,6,True,nl_5,"['op', 'zien', 'lezen', 'oorlog', 'vd', 'vandaag', 'staat', 'rusland', 'liggen', 'morgen', 'navo', 'den', 'oekraine', 'vr', 'leggen', 'haag', 'rapport', 'bij', 'artikel', 'eussr']",nl,5,artikel,article,artikel(article)
-3.643631,0.60131973,6,True,nl_6,"['veel', 'islam', 'vvd', 'pvv', 'politiek', 'massaimmigratie', 'partij', 'nl', 'd66', 'fvd', 'stemmen', 'klimaat', 'pvda', 'link', 'rechts', 'stem', 'nexit', 'verkiezing', 'cda', 'pro']",nl,6,verkiezing,election,verkiezing(election)
2.6878667,0.26183572,1,True,nl_7,"['zijn', 'migratie', 'het', 'een', 'dat', 'je', 'niet', 'goed', 'weet', 'ik', 'gaan', 'denken', 'zien', 'er', 'als', 'mens', 'vraag', 'helemaal', 'komen', 'echt']",nl,7,denken,think,denken(think)
-3.7790842,0.46346122,6,True,nl_8,"['groot', 'probleem', 'met', 'migratiebeleid', 'vinden', 'staat', 'lidstaat', 'zetten', 'debat', 'feit', 'oplossen', 'oa', 'deel', 'arm', 'mooi', 'lossen', 'spreken', 'nationaal', 'belang', 'mbt']",nl,8,nationaal,national,nationaal(national)
-3.317961,0.7578813,6,True,nl_9,"['gelden', 'jaar', 'miljoen', 'krijgen', 'geven', 'betalen', 'miljard', 'aantal', 'kost', 'kosten', 'vrijen', 'groeien', 'asielaanvraag', 'ruim', 'sterk', 'werk', 'aan', 'inwoner', 'mens', 'vorig']",nl,9,inwoner,resident,inwoner(resident)
-3.4273403,0.7475244,6,True,nl_10,"['immigratie', 'euro', 'beleid', 'massa', 'kind', 'kabinet', 'vrouw', 'ons', 'veiligheid', 'crimineel', 'burger', 'door', 'man', 'overheid', 'massaal', 'jijen', 'enorm', 'cultuur', 'enz', 'horen']",nl,10,crimineel,criminal,crimineel(criminal)
-2.1926422,0.32356393,-1,False,nl_11,"['in', 'land', 'komen', 'asiel', 'nl', 'mens', 'één', 'rechten', 'vluchteling', 'veilig', 'aanvraag', 'uit', 'regio', 'belgie', 'terug', 'regel', 'dag', 'asielaanvraag', 'plaats', 'stap']",nl,11,vluchteling,refugee,vluchteling(refugee)
-3.3424354,0.9199406,6,True,nl_12,"['turkije', 'vluchtelingencrisis', 'erdogan', 'deal', 'akkoord', 'dreigen', 'vluchtelingenstroom', 'sluiten', 'afspraak', 'eutop', 'vluchtelingendeal', 'turks', 'stuur', 'top', 'minister', 'mvdnl', 'reizen', 'turken', 'koenders', 'euleiders']",nl,12,vluchtelingendeal,refugee deal,vluchtelingendeal(refugee deal)
6.6246934,-0.08505159,0,True,nl_13,"['de', 'van', 'migratie', 'het', 'zijn', 'en', 'een', 'politiek', 'bevolking', 'wereld', 'immigrante', 'toekomst', 'huidig', 'burgerin', 'elite', 'geheel', 'agenda', 'schuld', 'hand', 'volledig']",nl,13,bevolking,population,bevolking(population)
3.2919805,0.3682102,1,True,nl_14,"['en', 'de', 'die', 'gaan', 'hebben', 'werken', 'ze', 'komen', 'land', 'mens', 'goed', 'we', 'volk', 'vn', 'laten', 'niet', 'allemaal', 'met', 'mee', 'moeten']",nl,14,moeten,should,moeten(should)
3.5074723,-1.4507811,1,True,nl_15,"['europa', 'te', 'laten', 'houden', 'tijd', 'om', 'nieuwsuur', 'soros', 'mee', 'zitten', 'zet', 'nodig', 'plannen', 'hopen', 'europe', 'helpen', 'wacht', 'bezig', 'staan', 'proberen']",nl,15,proberen,try,proberen(try)
1.7664965,-1.1796784,1,True,nl_16,"['migrant', 'grenzen', 'illegaal', 'open', 'italie', 'zee', 'frontex', 'redden', 'spanje', 'terug', 'dichten', 'marokko', 'snel', 'terugsturen', 'middellandse', 'mogelijk', 'buitengrens', 'ngos', 'verdrinken', 'sluiten']",nl,16,buitengrens,external border,buitengrens(external border)
-3.6024919,0.35417107,6,True,nl_17,"['oplossing', 'blijven', 'immigratiebeleid', 'trump', 'doden', 'ver', 'wilders', 'noemen', 'vs', 'leggen', 'punt', 'bouwen', 'leiden', 'streng', 'falen', 'beginnen', 'vallen', 'stuk', 'oh', 'zeer']",nl,17,oplossing,solution,oplossing(solution)
0.29351756,6.2634754,4,True,nl_18,"['vluchtelinge', 'griekenland', 'opvang', 'libie', 'helpen', 'eunu', 'world', 'vragen', 'syrische', 'syrie', 'volkskrant', 'mensenrechten', 'sturen', 'news', 'extra', 'grieks', 'vn', 'vang', 'europol', 'miljoen']",nl,18,vluchtelinge,refugee,vluchtelinge(refugee)
-3.576009,0.37541404,6,True,nl_19,"['voor', 'zeggen', 'over', 'echt', 'willen', 'the', 'bepalen', 'hoeveel', 'denken', 'niksen', 'kijken', 'gelijken', 'zaak', 'regel', 'weet', 'bestaan', 'duits', 'staan', 'beperken', 'gebeuren']",nl,19,bestaan,existence,bestaan(existence)
-2.2640107,2.4086437,5,True,pl_0,"['kraj', 'wiecej', 'panstwa', 'chca', 'ktore', 'do', 'przyjmować', 'niz', 'krajow', 'polski', 'chcieć', 'maja', 'rzad', 'fundusz', 'pieniaga', 'kazdego', 'uchodzcow', 'mowi', 'dostać', 'kasa']",pl,0,uchodzcow,refugees,uchodzcow(refugees)
2.7823613,-0.115334705,1,True,pl_1,"['migrant', 'granica', 'nielegalnych', 'pomoc', 'unijny', 'na', 'europ', 'frontex', 'ochrona', 'morze', 'agencja', 'do', 'człowiek', 'ktorzy', 'imigrant', 'afryka', 'libia', 'przemytnik', 'srodziemny', 'rok']",pl,1,srodziemny,Mediterranean,srodziemny(Mediterranean)
-2.658026,2.122704,5,True,pl_2,"['migracja', 'ws', 'szczyt', 'temat', 'bruksela', 'sprawa', 'stanowisko', 'premier', 'debata', 'mina', 'dota', 'spotkać', 'rada', 'v4', 'grupa', 'pe', 'nt', 'ueturcja', 'spotkanie', 'wspopraca']",pl,2,wspopraca,co-operation,wspopraca(co-operation)
6.3801227,-0.12955017,0,True,pl_3,"['imigrant', 'polski', 'spoza', 'pis', 'sprowadzać', 'najwiecej', 'praca', 'rzad', 'tysiecy', 'rok', 'polakow', 'przyjmować', 'krajow', 'caej', 'milion', 'sa', 'przyjea', 'pobyt', 'pracownik', 'zarobkowy']",pl,3,zarobkowy,gainful,zarobkowy(gainful)
0.46407807,6.2301936,4,True,pl_4,"['si', 'beda', 'juz', 'jesli', 'czas', 'alba', 'ktorzy', 'do', 'mozna', 'nie', 'zeby', 'zaczynać', 'pot', 'wszystek', 'zgadzać', 'stać', 'cos', 'zmieniać', 'moze', 'zrobic']",pl,4,zgadzać,agree,zgadzać(agree)
0.48055515,6.0579605,4,True,pl_5,"['imigracja', 'si', 'nielegalnej', 'program', 'europ', 'legalny', 'nielegalna', 'ktory', 'zgoda', 'integracja', 'masowy', 'rodzina', 'rzecz', 'deklaracja', 'projekt', 'walka', 'dokument', 'daleki', 'wartosci', 'finansować']",pl,5,finansować,finance,finansować(finance)
2.1519713,-1.277659,1,True,pl_6,"['polityka', 'imigracyjny', 'migracyjny', 'panstw', 'polityke', 'wegry', 'wobec', 'orban', 'kwestia', 'wegiera', 'sprawa', 'rzadu', 'unijny', 'premier', 'czonkowskich', 'bezpieczenstwa', 'swój', 'prowadzić', 'dziaania', 'narodowy']",pl,6,czonkowskich,members,czonkowskich(members)
6.8467693,0.4684224,0,True,pl_7,"['imigrant', 'polski', 'na', 'decyzja', 'przyjmować', 'islamski', 'przeciwić', 'szwecja', 'polskie', 'muzumanskich', 'czechy', 'maja', 'narzucać', 'referendum', 'uchodzcach', 'polska', 'polak', 'sposob', 'ukraina', 'narzucić']",pl,7,uchodzcach,refugees,uchodzcach(refugees)
-2.3068726,2.5642014,5,True,pl_8,"['migracja', 'sprawa', 'kolejny', 'migrant', 'uchodzcow', 'minister', 'ds', 'nowa', 'nowy', 'eu', 'dzis', 'komisarz', 'fala', 'europa', 'europ', 'uchodzcy', 'onz', 'mowi', 'plan', 'potrzebować']",pl,8,uchodzcow,refugees,uchodzcow(refugees)
6.2088203,-0.5583058,0,True,pl_9,"['europejski', 'imigrant', 'ke', 'unia', 'chcieć', 'komisja', 'relokacji', 'polski', 'kwota', 'przyjecia', 'polske', 'polska', 'sprawa', 'przyjeść', 'parlament', 'przeciwić', 'przymusowy', 'tys', 'propozycja', 'ws']",pl,9,przeciwić,oppose,przeciwić(oppose)
-2.1910763,2.3837762,5,True,pl_10,"['pis', 'pe', 'wybór', 'juz', 'miejsce', 'polski', 'drugi', 'wzgledem', 'partia', 'lider', 'popierać', 'beda', 'caej', 'po', 'kolejny', 'przyjeten', 'ktora', 'bya', 'ilosci', 'powiedzieć']",pl,10,przyjeten,adopted,przyjeten(adopted)
0.6964154,6.245167,4,True,pl_11,"['si', 'problem', 'mama', 'afryka', 'rosja', 'chcieć', 'moze', 'europ', 'czy', 'wschód', 'syria', 'wojna', 'ktos', 'bliski', 'demokracja', 'francja', 'uchodzcami', 'usa', 'polska', 'migracja']",pl,11,migracja,migration,migracja(migration)
2.6410253,0.007961567,1,True,pl_12,"['migrant', 'turcja', 'rok', 'tys', 'euro', 'liczba', 'niemiec', 'mln', 'grecja', 'europ', 'napyw', 'umowy', 'do', 'porozumieć', 'mld', 'porozumienie', 'erdogan', 'wiza', 'wiecej', 'milion']",pl,12,porozumieć,communicate,porozumieć(communicate)
6.7661724,0.504745,0,True,pl_13,"['imigrant', 'brexit', 'wielki', 'uk', 'brytania', 'polakow', 'obywatel', 'nowy', 'polak', 'wyspa', 'via', 'brytyjski', 'prawo', 'ograniczenie', 'rzad', 'chcieć', 'praca', 'prawa', 'chca', 'may']",pl,13,brytyjski,British,brytyjski(British)
1.1519818,-0.92159337,1,True,pl_14,"['kryzys', 'migracyjny', 'ke', 'szef', 'problem', 'tusk', 'imigracyjny', 'pe', 'sprawa', 'ws', 'rozwiazań', 'woch', 'powód', 'polityka', 'wieszwiecej', 'msz', 'wiadomosci', 'juncker', 'doprowadzić', 'premier']",pl,14,wiadomosci,news,wiadomosci(news)
-0.49603328,3.7123322,-1,False,pl_15,"['brak', 'migracja', 'imigracja', 'si', 'za', 'usa', 'wobec', 'zmiana', 'wzrost', 'masowy', 'podatek', 'być', 'zagrozenio', 'itd', 'sa', 'terroryzm', 'byc', 'poziom', 'przyczyna', 'stan']",pl,15,przyczyna,cause,przyczyna(cause)
-2.321994,2.2642503,5,True,pl_16,"['nie', 'to', 'być', 'ten', 'wiedzieć', 'teza', 'na', 'sa', 'co', 'nikt', 'wiec', 'on', 'byo', 'juz', 'przeciez', 'jak', 'skoro', 'dać', 'rozumieć', 'lud']",pl,16,skoro,since,skoro(since)
-2.255411,2.4733753,5,True,pl_17,"['niemiec', 'merkel', 'soba', 'uchodzcami', 'sa', 'zapraszać', 'niemiecki', 'otwarty', 'polityk', 'kobieta', 'angela', 'straszyć', 'jaka', 'caa', 'dzis', 'pytać', 'zeby', 'radzić', 'woronicze', 'widac']",pl,17,woronicze,woronicze,woronicze(woronicze)
-2.2869372,2.3055239,5,True,pl_18,"['azyl', 'niemiec', 'azylowy', 'kraj', 'prawo', 'prawa', 'obywatel', 'osoba', 'uchodzcow', 'pierwszy', 'wniosek', 'system', 'nowy', 'moga', 'uchodzcy', 'niemcy', 'wnioskow', 'uchodzca', 'krajow', 'azylant']",pl,18,uchodzca,refugee,uchodzca(refugee)
6.852148,0.36190274,0,True,pl_19,"['imigrant', 'byc', 'moze', 'powinny', 'beda', 'musić', 'uchodzcow', 'granica', 'przyjac', 'przyjmowac', 'problem', 'juz', 'przyjąć', 'mowia', 'bedziemy', 'kanclerz', 'tyle', 'miec', 'przyjmować', 'mozemy']",pl,19,uchodzcow,refugees,uchodzcow(refugees)
-1.8263737,0.5775386,2,True,sk_0,"['migrant', 'eu', 'co', 'migracia', 'slovakia', 'europska', 'program', 'kvoty', 'utecenecke', 'chcieť', 'unia', 'komisia', 'azyl', 'ze', 'su', 'slovensko', 'krize', 'ziadatelov', 'krizy', 'krajina']",sk,0,slovensko,slovakia,slovensko(slovakia)
0.9105678,-2.1172068,1,True,sk_1,"['migrant', 'eu', 'slovakia', 'co', 'migracia', 'program', 'europska', 'utecenecke', 'chcieť', 'unia', 'kvoty', 'komisia', 'azyl', 'su', 'ze', 'slovensko', 'krize', 'ziadatelov', 'krizy', 'krajina']",sk,1,slovensko,slovakia,slovensko(slovakia)
0.26065004,4.89176,4,True,sk_2,"['migrant', 'eu', 'migracia', 'co', 'slovakia', 'program', 'europska', 'kvoty', 'utecenecke', 'unia', 'chcieť', 'azyl', 'komisia', 'su', 'ze', 'krize', 'slovensko', 'ziadatelov', 'krizy', 'krajina']",sk,2,slovensko,slovakia,slovensko(slovakia)
4.067843,-1.1170586,1,True,sk_3,"['migrant', 'eu', 'co', 'migracia', 'slovakia', 'europska', 'program', 'utecenecke', 'kvoty', 'chcieť', 'unia', 'komisia', 'azyl', 'ze', 'su', 'slovensko', 'krize', 'ziadatelov', 'krizy', 'krajina']",sk,3,slovensko,slovakia,slovensko(slovakia)
7.0549755,0.15893836,0,True,sk_4,"['migrant', 'eu', 'migracia', 'co', 'slovakia', 'europska', 'program', 'kvoty', 'utecenecke', 'chcieť', 'unia', 'komisia', 'azyl', 'su', 'ze', 'krize', 'slovensko', 'ziadatelov', 'krizy', 'krajina']",sk,4,slovensko,slovakia,slovensko(slovakia)
5.829081,-0.38717145,0,True,sv_0,"['eu', 'sverige', 'flykting', 'miljon', 'asylsokande', 'nyhet', 'via', 'tyskland', 'per', 'ta', 'eulander', 'eko', 'toa', 'antal', 'toga', 'overens', 'varlden', 'capita', 'fordela', 'danmark']",sv,0,eulander,eulogist,eulander(eulogist)
2.0526996,0.2795448,1,True,sv_1,"['mana', 'vada', 'ar', 'kana', 'skola', 'fara', 'nia', 'mena', 'da', 'all', 'gor', 'pa', 'peng', 'varfor', 'saga', 'vala', 'villa', 'gora', 'mycken', 'ge']",sv,1,villa,villa,villa(villa)
-2.4140072,3.1841838,5,True,sv_2,"['lander', 'lofven', 'tvinga', 'ungern', 'pol', 'ansvar', 'flyktingfragan', 'infor', 'migrationspolitiken', 'fn', 'landerna', 'johansson', 'stefan', 'ovriga', 'merkel', 'led', 'skriva', 'vagrar', 'kraver', 'nato']",sv,2,flyktingfragan,refugee issue,flyktingfragan(refugee issue)
3.3526537,-1.249236,1,True,sv_3,"['svpol', 'mota', 'migpol', 'eupol', 'fran', 'bryta', 'aktuell', 'agera', 'varfor', 'agenda', 'skriva', 'kritik', 'brott', 'darfor', 'flykta', 'svtagenda', 'svtnyheter', 'vagen', 'atgarder', 'strida']",sv,3,svtagenda,svtagenda,svtagenda(svtagenda)
2.5566983,0.44379565,1,True,sv_4,"['ar', 'en', 'den', 'som', 'ha', 'eu', 'inte', 'mena', 'nara', 'att', 'bar', 'gall', 'finna', 'vi', 'säga', 'vara', 'kana', 'gara', 'mycken', 'da']",sv,4,finna,find,finna(find)
6.322909,0.12571976,0,True,sv_5,"['eu', 'ar', 'hel', 'sverige', 'flyktingkrisen', 'kana', 'maste', 'hantera', 'all', 'bar', 'ge', 'losa', 'skapa', 'hjalpa', 'hjalp', 'ovriga', 'later', 'fungera', 'skylla', 'liva']",sv,5,fungera,work,fungera(work)
7.261471,0.34244162,0,True,sv_6,"['mede', 'eu', 'ar', 'fora', 'flykting', 'mången', 'sverige', 'fran', 'mena', 'all', 'bar', 'manga', 'alltsa', 'handla', 'klar', 'storsta', 'ave', 'vala', 'dela', 'afrika']",sv,6,storsta,largest,storsta(largest)
5.945966,-0.27189228,0,True,sv_7,"['eu', 'mycken', 'toa', 'migration', 'om', 'flyktingpolitik', 'gemensam', 'asylpolitik', 'lägga', 'nytta', 'forslag', 'debatt', 'se', 'asylsystem', 'prata', 'battre', 'behover', 'migrationeu', 'eus', 'flyktingmottagande']",sv,7,flyktingpolitik,refugee policy,flyktingpolitik(refugee policy)
-2.1468518,3.0881455,5,True,sv_8,"['asyl', 'landa', 'soka', 'miljard', 'forsta', 'ge', 'ratta', 'betala', 'fn', 'euland', 'till', 'asylratten', 'utanfor', 'sv', 'fatt', 'asylsokande', 'person', 'medborgare', 'soker', 'manniskor']",sv,8,medborgare,citizens,medborgare(citizens)
1.1565374,-1.0828578,1,True,sv_9,"['pa', 'sätta', 'krav', 'svara', 'plats', 'klimat', 'diskutera', 'fragor', 'vag', 'haller', 'kolla', 'fragan', 'vecka', 'losning', 'lagga', 'hoppa', 'tva', 'fokus', 'gang', 'pressa']",sv,9,losning,solution,losning(solution)
5.9581857,-0.30974653,0,True,sv_10,"['eu', 'flykting', 'turkiet', 'stoppa', 'hota', 'granser', 'europa', 'libyen', 'erdogan', 'syrien', 'gran', 'skicka', 'grekland', 'yttre', 'avtal', 'gransen', 'flyktinglager', 'usa', 'halla', 'miljon']",sv,10,grekland,Greece,grekland(Greece)
-2.4877539,2.9161747,5,True,sv_11,"['eumigranter', 'eumigranterna', 'eumigrant', 'tiggare', 'polis', 'barn', 'bo', 'kommun', 'tigga', 'via', 'malmo', 'fara', 'hemlosa', 'lager', 'fattig', 'utsätta', 'hem', 'tiggeri', 'eumigranternas', 'eumigranters']",sv,11,eumigranterna,eumigrants,eumigranterna(eumigrants)
2.3721337,0.4048413,1,True,sv_12,"['att', 'ar', 'jaga', 'dua', 'fora', 'mena', 'tro', 'tycka', 'skola', 'ho', 'veta', 'man', 'pa', 'den', 'kana', 'svart', 'inte', 'mycken', 'ha', 'nara']",sv,12,svart,black,svart(black)
-2.196276,3.0093787,5,True,sv_13,"['svensk', 'invandrare', 'at', 'blanda', 'regering', 'bidra', 'jobb', 'jobba', 'pga', 'leva', 'laga', 'ave', 'kostnad', 'migrationsverket', 'skatt', 'arbete', 'bar', 'riktig', 'etc', 'mm']",sv,13,invandrare,immigrants,invandrare(immigrants)
-2.289395,3.1811404,5,True,sv_14,"['migrant', 'in', 'over', 'nara', 'via', 'mången', 'italien', 'ekonomisk', 'fara', 'medelhavet', 'illegal', 'frontex', 'radda', 'oppna', 'utanfor', 'kalla', 'tala', 'lamnar', 'dra', 'hjalper']",sv,14,ekonomisk,economic,ekonomisk(economic)
-2.037528,2.9583147,5,True,sv_15,"['fran', 'lander', 'manga', 'av', 'vagar', 'finna', 'asylsokande', 'laglig', 'problem', 'besluta', 'sakra', 'artikel', 'intressant', 'ensamkommande', 'olik', 'ord', 'falla', 'verka', 'ex', 'grupp']",sv,15,asylsokande,asylum seekers,asylsokande(asylum seekers)
-2.15409,3.1303132,5,True,sv_16,"['invandring', 'villa', 'sd', 'oka', 'folk', 'rosta', 'fria', 'stoppa', 'invandrare', 'parti', 'politik', 'fri', 'rorlighet', 'problem', 'massa', 'soros', 'som', 'lamna', 'peng', 'migrationspolitik']",sv,16,invandrare,immigrants,invandrare(immigrants)
0.63120544,6.414692,4,True,sv_17,"['fora', 'mede', 'ny', 'migrationspolitik', 'stå', 'skola', 'att', 'europa', 'man', 'svenska', 'istallet', 'eukommissionen', 'regering', 'dag', 'kana', 'situation', 'union', 'behov', 'mycken', 'samarbete']",sv,17,eukommissionen,european commission,eukommissionen(european commission)
-2.3043995,3.1092227,5,True,sv_18,"['och', 'migration', 'hane', 'till', 'europa', 'be', 'böra', 'kvinna', 'ge', 'integration', 'brexit', 'rad', 'valen', 'tacka', 'gara', 'battre', 'samt', 'bistand', 'stat', 'sig']",sv,18,migration,migration,migration(migration)
0.33856857,6.150365,4,True,sv_19,"['skola', 'fora', 'fa', 'all', 'sverige', 'mången', 'eulander', 'ansvar', 'maste', 'vi', 'kana', 'att', 'ga', 'böra', 'villa', 'mena', 'fara', 'fran', 'egen', 'dela']",sv,19,sverige,Sweden,sverige(Sweden)
